{
    "Gender": 0,
    "Weight": 0.4000000059604645,
    "SkinColor": {
        "r": 0.4000000059604645,
        "g": 0.3333333432674408,
        "b": 0.27450981736183169,
        "a": 1.0
    },
    "HairStyle": "Avatar/Hair/BowlCut/BowlCut",
    "HairColor": {
        "r": 0.21867211163043977,
        "g": 0.7358490228652954,
        "b": 0.28114980459213259,
        "a": 1.0
    },
    "Mouth": "Avatar/Layers/Face/Face_SmugPout",
    "FacialHair": "Avatar/Layers/Face/FacialHair_Stubble",
    "FacialDetails": "",
    "FacialDetailsIntensity": 0.5,
    "EyeballColor": {
        "r": 0.9103773832321167,
        "g": 1.0,
        "b": 0.9139074087142944,
        "a": 1.0
    },
    "UpperEyeLidRestingPosition": 0.5,
    "LowerEyeLidRestingPosition": 0.5,
    "PupilDilation": 0.75,
    "EyebrowScale": 1.7000000476837159,
    "EyebrowThickness": 2.5,
    "EyebrowRestingHeight": 0.5419354438781738,
    "EyebrowRestingAngle": -0.12903213500976563,
    "Top": "Avatar/Layers/Top/T-Shirt",
    "TopColor": {
        "r": 0.8962264060974121,
        "g": 0.2578764259815216,
        "b": 0.8697004318237305,
        "a": 1.0
    },
    "Bottom": "Avatar/Layers/Bottom/Jeans",
    "BottomColor": {
        "r": 0.8962264060974121,
        "g": 0.2578764259815216,
        "b": 0.8697004318237305,
        "a": 1.0
    },
    "Shoes": "Avatar/Accessories/Feet/Sneakers/Sneakers",
    "ShoesColor": {
        "r": 0.8962264060974121,
        "g": 0.2578764259815216,
        "b": 0.8697004318237305,
        "a": 1.0
    },
    "Headwear": "",
    "HeadwearColor": {
        "r": 1.0,
        "g": 1.0,
        "b": 1.0,
        "a": 1.0
    },
    "Eyewear": "",
    "EyewearColor": {
        "r": 0.0,
        "g": 0.0,
        "b": 0.0,
        "a": 0.0
    },
    "Tattoos": [
        ""
    ]
}