{
    "DataType": "MoneyData",
    "DataVersion": 0,
    "GameVersion": "0.3.3f15",
    "OnlineBalance": 8132.87109375,
    "Networth": 161973.78125,
    "LifetimeEarnings": 280005.3125,
    "WeeklyDepositSum": 10000.0
}