{
    "DataType": "MoneyData",
    "DataVersion": 0,
    "GameVersion": "0.3.3f15",
    "OnlineBalance": 5449.97216796875,
    "Networth": 24230.47265625,
    "LifetimeEarnings": 53142.5,
    "WeeklyDepositSum": 2618.0
}