{
    "DataType": "MoneyData",
    "DataVersion": 0,
    "GameVersion": "0.3.3f15",
    "OnlineBalance": 4772.87109375,
    "Networth": 160768.46875,
    "LifetimeEarnings": 254541.296875,
    "WeeklyDepositSum": 10000.0
}