{
    "DataType": "MoneyData",
    "DataVersion": 0,
    "GameVersion": "0.3.3f15",
    "OnlineBalance": 26206.87109375,
    "Networth": 116731.578125,
    "LifetimeEarnings": 151954.5,
    "WeeklyDepositSum": 10000.0
}