{
    "DataType": "MoneyData",
    "DataVersion": 0,
    "GameVersion": "0.3.3f15",
    "OnlineBalance": 30369.87109375,
    "Networth": 92821.0703125,
    "LifetimeEarnings": 127831.0,
    "WeeklyDepositSum": 10000.0
}