{
    "DataType": "MoneyData",
    "DataVersion": 0,
    "GameVersion": "0.3.4f4",
    "OnlineBalance": 65097.87109375,
    "Networth": 312721.09375,
    "LifetimeEarnings": 471792.3125,
    "WeeklyDepositSum": 10000.0
}